City_ID,City,Lat,Lng,Max Temp,Humidity,Cloudiness,Wind Speed,Country,Date
0,mana,5.6592,-53.7767,25.29,86,13,2.68,GF,1721534377
1,whitehorse,60.7161,-135.0538,24.43,41,75,3.6,CA,1721534378
2,ribeira brava,32.65,-17.0667,24.45,82,45,1.33,PT,1721534379
3,olonkinbyen,70.9221,-8.7187,4.59,97,100,3.7,SJ,1721534381
4,ardakan,32.31,54.0175,33.15,18,0,4.22,IR,1721534382
5,grytviken,-54.2811,-36.5092,0.55,84,51,4.43,GS,1721534383
6,ilulissat,69.2167,-51.1,3.61,76,90,1.63,GL,1721534384
7,albany,42.6001,-73.9662,20.37,67,100,1.94,US,1721534154
8,comayagua,14.45,-87.6333,22.83,94,100,0.68,HN,1721534386
9,howard springs,-12.497,131.047,29.43,26,95,4.28,AU,1721534388
10,guiyang,26.5833,106.7167,30.27,51,75,8.0,CN,1721534389
11,nova sintra,14.8667,-24.7167,24.82,88,30,5.4,CV,1721534390
12,ribeira grande,38.5167,-28.7,22.65,90,20,1.34,PT,1721534391
13,margaret river,-33.95,115.0667,17.46,58,90,8.73,AU,1721534392
14,blackmans bay,-43.0167,147.3167,11.52,73,98,1.79,AU,1721534395
15,bouna,9.2667,-3.0,22.03,96,100,4.42,CI,1721534396
16,stanley,54.868,-1.6985,13.17,87,20,6.17,GB,1721534397
17,talnakh,69.4865,88.3972,12.81,46,35,8.12,RU,1721534398
18,birao,10.2849,22.7882,20.6,98,100,1.57,CF,1721534399
19,moires,35.0532,24.8744,27.84,46,0,1.34,GR,1721534400
20,ruteng,-8.6136,120.4721,24.55,55,85,0.68,ID,1721534402
21,port elizabeth,-33.918,25.5701,10.16,81,0,5.66,ZA,1721534403
22,bredasdorp,-34.5322,20.0403,6.67,90,93,1.91,ZA,1721534404
23,mount isa,-20.7333,139.5,21.87,20,1,5.14,AU,1721534405
24,fort bragg,35.139,-79.006,24.72,89,0,2.57,US,1721534406
25,mayqayyng,51.4625,75.7986,25.16,42,74,5.12,KZ,1721534408
26,vallam,10.7167,79.0833,33.03,64,100,7.32,IN,1721534409
27,faya-largeau,17.9257,19.1043,31.21,48,41,6.02,TD,1721534410
28,vorgashor,67.5833,63.95,12.02,48,7,3.38,RU,1721534411
29,port mathurin,-19.6833,63.4167,22.5,73,15,6.17,MU,1721534413
30,edinburgh of the seven seas,-37.0676,-12.3116,13.69,83,100,11.46,SH,1721534415
31,udachny,66.4167,112.4,25.91,37,99,6.98,RU,1721534417
32,jamestown,42.097,-79.2353,17.8,82,0,3.6,US,1721534418
33,ulaangom,49.9811,92.0667,26.1,40,12,2.29,MN,1721534419
34,kill devil hills,36.0307,-75.676,27.77,89,0,6.69,US,1721534420
35,menaka,15.9182,2.4022,29.56,59,100,6.99,ML,1721534422
36,galliano,29.4422,-90.2992,27.22,83,0,0.0,US,1721534423
37,rio grande,-32.035,-52.0986,13.86,95,100,3.9,BR,1721534394
38,coahuayana de hidalgo,18.7,-103.6583,26.52,84,96,1.03,MX,1721534425
39,talodi,10.6325,30.3797,22.41,93,68,1.82,SD,1721534426
40,praia da vitoria,38.7333,-27.0667,23.14,94,40,1.85,PT,1721534427
41,bethel,41.3712,-73.414,23.31,90,100,1.48,US,1721534429
42,chandbali,20.7833,86.7667,31.85,67,100,5.38,IN,1721534430
43,dudinka,69.4058,86.1778,12.74,47,4,7.16,RU,1721534406
44,al jawf,29.5,38.75,27.04,42,0,3.84,SA,1721534432
45,jayapura,-2.5333,140.7,26.66,92,100,1.55,ID,1721534433
46,kutum,14.2,24.6667,24.98,61,84,2.04,SD,1721534434
47,kudahuvadhoo,2.6708,72.8944,28.26,76,100,1.07,MV,1721534436
48,tolanaro,-25.0319,46.9987,17.04,94,0,1.03,MG,1721534437
49,adamstown,-25.066,-130.1015,14.07,83,100,1.3,PN,1721534438
50,kattivakkam,13.2167,80.3167,32.28,70,95,8.57,IN,1721534439
51,mont-laurier,46.5501,-75.4993,12.79,90,11,1.3,CA,1721534440
52,vrangel',42.7297,133.0839,20.91,98,100,2.34,RU,1721534441
53,moron,-34.6534,-58.6198,12.14,93,100,8.94,AR,1721534442
54,sittwe,20.15,92.9,27.92,86,100,7.87,MM,1721534444
55,prince george,53.9166,-122.753,27.69,47,0,1.54,CA,1721534446
56,kailua-kona,19.6406,-155.9956,28.49,76,27,1.34,US,1721534447
57,el porvenir,13.7617,-87.3458,26.63,91,99,2.02,HN,1721534448
58,birzebbuga,35.8258,14.5269,26.75,89,0,4.12,MT,1721534449
59,puerto ayora,-0.7393,-90.3518,20.86,95,96,4.92,EC,1721534451
60,anloga,5.7947,0.8973,23.98,89,100,6.82,GH,1721534452
61,puerto natales,-51.7236,-72.4875,4.88,77,98,3.45,CL,1721534421
62,dzhambeyty,50.2536,52.595,29.45,40,63,5.29,KZ,1721534454
63,xucheng,20.35,110.1288,31.09,64,97,7.77,CN,1721534455
64,puerto lempira,15.2667,-83.7667,26.78,90,93,4.52,HN,1721534456
65,ancud,-41.8697,-73.8203,5.2,88,11,1.84,CL,1721534458
66,jiwani,25.05,61.7417,28.94,82,64,2.1,PK,1721534459
67,demyansk,57.643,32.466,15.32,88,26,1.0,RU,1721534460
68,nar'yan-mar,67.6713,53.087,11.06,55,48,1.74,RU,1721534461
69,lebu,-37.6167,-73.65,6.37,80,1,6.41,CL,1721534462
70,malango,-2.9627,119.9001,26.68,63,68,2.13,ID,1721534463
71,tamandare,-8.7597,-35.1047,23.03,82,47,4.25,BR,1721534465
72,uttarkashi,30.7333,78.45,23.93,76,59,1.71,IN,1721534466
73,susuman,62.7833,148.1667,10.87,90,100,1.16,RU,1721534467
74,nagqu,31.5,92.0,14.16,65,97,2.87,CN,1721534468
75,weno,7.4515,151.8468,31.97,74,75,3.6,FM,1721534469
76,invercargill,-46.4,168.35,9.45,92,91,2.24,NZ,1721534470
77,chonchi,-42.6128,-73.8092,5.62,96,56,0.85,CL,1721534430
78,nabire,-3.3667,135.4833,26.28,88,97,0.61,ID,1721534473
79,avarua,-21.2078,-159.775,23.03,64,20,5.14,CK,1721534474
80,port-aux-francais,-49.35,70.2167,1.94,78,100,9.32,TF,1721534475
81,kruisfontein,-34.0033,24.7314,5.49,89,27,3.32,ZA,1721534476
82,saipan,15.1355,145.701,28.87,79,100,10.15,MP,1721534477
83,codrington,-38.2667,141.9667,14.03,82,99,7.24,AU,1721534479
84,nizhneangarsk,55.7833,109.55,20.56,58,100,1.01,RU,1721534480
85,kibre mengist,5.8833,38.9833,14.9,96,100,0.45,ET,1721534481
86,coquimbo,-29.9533,-71.3436,10.85,89,75,2.06,CL,1721534238
87,mareeba,-17.0,145.4333,26.36,30,69,2.79,AU,1721534483
88,karratha,-20.7377,116.8463,24.83,26,73,8.17,AU,1721534484
89,renfrew,55.872,-4.3925,11.42,91,75,3.09,GB,1721534485
90,yellowknife,62.456,-114.3525,20.31,67,100,2.57,CA,1721534487
91,tsiombe,-25.3,45.4833,15.98,86,10,0.72,MG,1721534488
92,hawaiian paradise park,19.5933,-154.9731,26.52,80,17,0.89,US,1721534489
93,iqaluit,63.7506,-68.5145,6.85,81,20,2.06,CA,1721534414
94,anna,51.4842,40.4299,20.95,60,0,2.9,RU,1721534491
95,minas de marcona,-15.2119,-75.1103,9.26,88,16,3.87,PE,1721534492
96,murghob,38.1702,73.9667,13.09,26,14,2.37,TJ,1721534494
97,fenoarivo atsinanana,-17.3667,49.4167,17.85,87,10,2.39,MG,1721534495
98,yelizovo,53.1873,158.3805,20.08,64,20,7.0,RU,1721534496
99,port lincoln,-34.7333,135.8667,15.84,66,38,10.3,AU,1721534497
100,ust-tsilma,65.441,52.1498,14.04,48,16,2.24,RU,1721534498
101,diu,20.7141,70.9822,28.98,84,100,7.28,IN,1721534500
102,port alfred,-33.5906,26.891,10.1,81,40,0.89,ZA,1721534501
103,nikel,69.4128,30.222,14.1,67,45,0.87,RU,1721534502
104,margate,51.3813,1.3862,18.16,87,100,2.31,GB,1721534503
105,carnot,4.9409,15.8665,20.37,87,96,1.65,CF,1721534505
106,hermanus,-34.4187,19.2345,6.56,81,93,2.49,ZA,1721534506
107,buenaventura,3.8801,-77.0312,24.76,94,93,1.04,CO,1721534507
108,bam,29.106,58.357,36.09,13,25,2.83,IR,1721534509
109,haiku-pauwela,20.9219,-156.3051,27.87,72,57,4.47,US,1721534510
110,tosontsengel,48.7567,98.2839,19.47,58,100,5.46,MN,1721534511
111,tiksi,71.6872,128.8694,7.43,62,90,5.28,RU,1721534512
112,bilibino,68.0546,166.4372,14.4,91,100,2.31,RU,1721534513
113,gola gokarannath,28.0833,80.4667,33.21,63,91,6.0,IN,1721534514
114,norilsk,69.3535,88.2027,12.3,48,33,9.48,RU,1721534516
115,chhatak,25.0333,91.6667,30.49,71,99,1.72,BD,1721534517
116,ust-nera,64.5667,143.2,13.08,95,100,1.98,RU,1721534518
117,isafjordur,66.0755,-23.124,5.22,77,100,4.3,IS,1721534519
118,waitangi,-43.9535,-176.5597,11.57,99,100,1.34,NZ,1721534520
119,kirakira,-10.4544,161.9205,29.3,72,18,4.19,SB,1721534521
120,san patricio,28.017,-97.5169,29.36,74,2,4.59,US,1721534522
121,thompson,55.7435,-97.8558,19.09,55,20,1.03,CA,1721534524
122,meadow lake,34.8014,-106.5436,22.29,62,95,2.66,US,1721534525
123,crane,31.3974,-102.3501,26.88,54,99,9.22,US,1721534526
124,bikenibeu village,1.3673,173.1241,30.98,74,40,4.63,KI,1721534527
125,hamilton,39.1834,-84.5333,21.91,74,94,1.85,US,1721534425
126,papatowai,-46.5619,169.4708,8.91,92,96,4.67,NZ,1721534529
127,ghormach,35.7306,63.7826,31.5,17,0,3.82,AF,1721534531
128,vernon,50.2581,-119.2691,31.2,37,0,0.51,CA,1721534532
129,nantucket,41.2835,-70.0995,23.89,77,87,7.13,US,1721534533
130,fort st. john,56.2499,-120.8529,25.94,50,0,2.57,CA,1721534407
131,shimoda,34.6667,138.95,32.84,72,90,2.84,JP,1721534535
132,georgetown,5.4112,100.3354,32.96,70,20,5.14,MY,1721534351
133,carnarvon,-24.8667,113.6333,20.6,36,0,3.21,AU,1721534537
134,kasongo-lunda,-6.4667,16.8167,15.98,65,2,0.62,CD,1721534539
135,san luis de la loma,17.2706,-100.8939,26.78,80,62,1.08,MX,1721534540
136,argo,37.6333,22.7333,25.99,45,0,1.88,GR,1721534541
137,auki,-8.7676,160.7034,30.38,64,16,1.65,SB,1721534542
138,hoeyang,38.7103,127.5983,24.62,87,99,8.55,KP,1721534543
139,winslow,35.0242,-110.6974,29.1,34,40,8.23,US,1721534544
140,sinabang,2.4803,96.3801,30.81,64,94,2.56,ID,1721534546
141,nuuk,64.1835,-51.7216,5.34,100,28,4.47,GL,1721534547
142,aasiaat,68.7098,-52.8699,3.89,91,86,2.83,GL,1721534548
143,zouerate,22.7187,-12.4521,33.53,23,62,4.12,MR,1721534549
144,chinde,26.8212,87.7095,29.02,75,100,2.53,NP,1721534550
145,patnos,39.2336,42.8634,17.38,72,63,1.45,TR,1721534551
146,kannur,11.8675,75.3576,27.58,83,100,4.68,IN,1721534553
147,devils lake,48.1128,-98.8651,20.06,91,0,2.57,US,1721534554
148,broken hill,-31.95,141.4333,15.63,49,2,6.9,AU,1721534555
149,plouzane,48.3833,-4.6167,15.18,100,100,5.14,FR,1721534556
150,bankim,6.083,11.4905,19.59,99,100,0.8,CM,1721534557
151,tralee,52.2704,-9.7026,11.72,96,99,2.22,IE,1721534558
152,westport,41.1415,-73.3579,24.96,78,100,2.24,US,1721534457
153,mtwara,-10.2667,40.1833,18.63,94,20,3.09,TZ,1721534561
154,rethymno,35.3647,24.4714,28.44,47,0,0.61,GR,1721534562
155,badger,64.8,-147.5333,24.64,48,0,1.6,US,1721534563
156,luderitz,-26.6481,15.1594,13.19,61,74,6.19,NA,1721534564
157,lompoc,34.6391,-120.4579,16.12,88,100,5.14,US,1721534565
158,saint-pierre,-21.3393,55.4781,20.32,63,0,3.6,RE,1721534566
159,punta arenas,-53.15,-70.9167,5.06,75,40,7.2,CL,1721534510
160,tura,25.5198,90.2201,29.59,73,100,2.8,IN,1721534569
161,tindouf,27.6711,-8.1474,35.25,16,34,2.06,DZ,1721534570
162,cooper's town,26.8667,-77.5167,28.15,81,2,6.78,BS,1721534571
163,veraval,20.9,70.3667,28.58,86,100,6.89,IN,1721534573
164,berezovyy,51.6667,135.7,21.74,82,100,1.67,RU,1721534574
165,port isabel,26.0734,-97.2086,29.02,86,56,2.68,US,1721534282
166,singkil,-7.9855,111.4161,29.14,54,0,3.31,ID,1721534577
167,toliara,-23.35,43.6667,17.03,77,0,3.95,MG,1721534578
168,sandakan,5.8402,118.1179,31.82,66,20,3.6,MY,1721534579
169,chishtian,29.8,72.8667,39.85,33,37,2.39,PK,1721534580
170,zhabinka,52.1984,24.0115,16.82,69,76,2.29,BY,1721534581
171,ridder,50.355,83.5133,19.52,83,82,1.62,KZ,1721534583
172,dalnerechensk,45.9339,133.7225,26.04,73,100,1.34,RU,1721534584
173,mar del plata,-38.0023,-57.5575,8.01,89,100,0.89,AR,1721533994
174,diamantino,-14.4086,-56.4461,19.32,37,4,2.47,BR,1721534586
175,ushuaia,-54.8,-68.3,2.81,75,75,11.32,AR,1721534396
176,bamendjou,5.3888,10.3316,14.79,96,99,1.68,CM,1721534588
177,new norfolk,-42.7826,147.0587,13.29,80,100,1.38,AU,1721534589
178,kiama,-34.6833,150.8667,17.92,40,3,3.49,AU,1721534591
179,lagos,6.5833,3.75,24.18,90,90,3.49,NG,1721534170
180,morant bay,17.8815,-76.4093,29.79,90,100,5.69,JM,1721534593
181,aykhal,66.0,111.5,24.82,38,82,9.43,RU,1721534594
182,vilyuchinsk,52.9306,158.4028,20.15,86,100,2.69,RU,1721534595
183,yerofey pavlovich,53.9667,121.9667,26.69,36,14,3.17,RU,1721534596
184,sao joao da barra,-21.6403,-41.0511,17.77,87,0,3.61,BR,1721534598
185,yoichi,43.2039,140.7703,24.99,80,100,2.49,JP,1721534599
186,dakhla,23.6848,-15.958,19.65,87,0,10.72,EH,1721534600
187,alice,27.7523,-98.0697,28.69,83,0,1.54,US,1721534601
188,alexandria,31.2156,29.9553,24.3,76,0,2.5,EG,1721534418
189,sitka,57.0531,-135.33,13.94,88,100,2.06,US,1721534597
190,qui nhon,13.7667,109.2333,30.89,63,100,7.18,VN,1721534606
191,andergrove,-21.0833,149.1833,25.36,49,4,8.1,AU,1721534607
192,aoulef,26.9667,1.0833,34.55,11,0,6.86,DZ,1721534608
193,gereida,11.2811,25.1414,23.11,88,100,3.28,SD,1721534609
194,taltal,-25.4,-70.4833,13.73,77,91,2.61,CL,1721534610
195,qaqortoq,60.7167,-46.0333,4.9,89,89,0.47,GL,1721534611
196,kodiak,57.79,-152.4072,11.96,93,98,4.5,US,1721534510
197,rongelap,11.1635,166.8941,28.17,81,10,7.6,MH,1721534614
198,bengkulu,-3.8004,102.2655,29.45,68,10,2.56,ID,1721534615
199,dunedin,-45.8742,170.5036,11.56,73,100,2.68,NZ,1721534549
200,klyuchi,52.2667,79.1667,24.05,55,29,2.61,RU,1721534617
201,lihue,21.9789,-159.3672,26.77,71,75,4.63,US,1721534620
202,west island,-12.1568,96.8225,29.99,74,40,5.66,CC,1721534621
203,puerto madryn,-42.7692,-65.0385,7.8,49,13,6.31,AR,1721534266
204,arar,30.9753,41.0381,31.01,33,0,6.17,SA,1721534623
205,tomatlan,19.9333,-105.25,25.64,89,88,0.5,MX,1721534624
206,jining,35.405,116.5814,32.07,70,99,6.09,CN,1721534625
207,college,64.8569,-147.8028,25.6,40,20,1.54,US,1721534627
208,northam,51.0333,-4.2167,14.66,94,100,5.78,GB,1721534628
209,gadzhiyevo,69.2551,33.3362,17.72,60,73,3.27,RU,1721534629
210,kingston,17.997,-76.7936,29.53,74,20,7.72,JM,1721534630
211,katsuren-haebaru,26.3369,127.8719,35.01,68,40,5.14,JP,1721534631
212,keflavik,64.0049,-22.5624,10.95,87,0,7.72,IS,1721534632
213,namibe,-15.1961,12.1522,15.45,89,3,0.57,AO,1721534519
214,quibala,-10.7337,14.98,14.3,87,0,1.15,AO,1721534636
215,peniscola,40.3359,0.3613,24.08,58,73,15.16,ES,1721534637
216,maragogi,-9.0122,-35.2225,22.38,84,51,4.15,BR,1721534455
217,imeko,7.45,2.85,22.3,93,98,2.8,NG,1721534639
218,vilhena,-12.7406,-60.1458,20.05,44,11,1.5,BR,1721534640
219,klaksvik,62.2266,-6.589,11.51,98,100,6.73,FO,1721534642
220,wyrzysk,53.153,17.268,15.36,76,19,1.96,PL,1721534643
221,lagoa,39.05,-27.9833,21.93,88,11,4.79,PT,1721534644
222,okhotsk,59.3833,143.3,12.07,91,100,2.56,RU,1721534645
223,naze,28.3667,129.4833,31.51,70,11,2.83,JP,1721534647
224,tuensang,26.2833,94.8333,22.37,98,100,0.91,IN,1721534649
225,pudasjarvi,65.3833,26.9167,13.01,58,22,2.91,FI,1721534650
226,champerico,14.3,-91.9167,26.57,80,85,2.28,GT,1721534651
227,bamboo flat,11.7,92.7167,30.05,79,100,5.14,IN,1721534649
228,antsiranana,-12.2787,49.2917,21.42,60,20,6.17,MG,1721534654
229,mata-utu,-13.2816,-176.1745,27.33,74,5,8.18,WF,1721534656
230,cabedelo,-6.9811,-34.8339,21.37,84,52,4.88,BR,1721534409
231,ilagan,17.1485,121.8892,25.25,97,100,2.97,PH,1721534658
232,zhongshu,24.5167,103.7667,22.65,81,92,2.03,CN,1721534659
233,trevelin,-43.0858,-71.4639,-0.29,88,7,1.1,AR,1721534660
234,sumbe,-11.2061,13.8437,20.18,90,87,1.64,AO,1721534661
235,hithadhoo,-0.6,73.0833,28.89,74,36,3.67,MV,1721534663
236,mejit,10.2753,170.8646,28.13,80,21,6.9,MH,1721534664
237,songea,-10.6833,35.65,15.64,88,0,0.0,TZ,1721534665
238,arraial do cabo,-22.9661,-42.0278,20.16,73,0,1.13,BR,1721534666
239,sandnessjoen,66.0217,12.6316,15.29,74,58,7.45,NO,1721534667
240,port-gentil,-0.7193,8.7815,23.05,77,10,4.31,GA,1721534474
241,azul,-36.777,-59.8585,6.21,96,100,2.46,AR,1721534408
242,afaahiti,-17.75,-149.2833,23.93,60,91,10.81,PF,1721534671
243,acapulco de juarez,16.8634,-99.8901,24.91,82,91,0.96,MX,1721534406
244,colonia,50.9333,6.95,21.09,88,0,1.54,DE,1721534673
245,san borja,-14.8167,-66.85,19.7,64,1,0.94,BO,1721534674
246,joao pinheiro,-17.7425,-46.1725,17.13,49,0,2.71,BR,1721534449
247,idri,27.5,13.2667,27.9,24,0,4.86,LY,1721534676
248,sisimiut,66.9395,-53.6735,8.11,81,7,0.21,GL,1721534678
249,santa rosalia,27.3167,-112.2833,29.38,61,0,2.11,MX,1721534680
250,gorontalo,0.5412,123.0595,31.08,60,74,4.88,ID,1721534681
251,tabou,4.423,-7.3528,23.84,86,100,4.56,CI,1721534682
252,longyearbyen,78.2186,15.6401,7.91,76,75,2.06,SJ,1721534683
253,merowe,18.4833,31.8167,34.25,36,49,4.89,SD,1721534686
254,ulsteinvik,62.3432,5.8487,18.51,83,2,1.79,NO,1721534687
255,petropavlovsk-kamchatsky,53.0452,158.6483,19.33,64,20,7.0,RU,1721534688
256,loreto,22.2667,-101.9667,18.03,71,54,4.34,MX,1721534689
257,vryheid,-27.7695,30.7917,5.89,80,18,1.07,ZA,1721534690
258,kodinsk,58.6881,99.1844,26.44,57,16,3.11,RU,1721534693
259,pokhara,28.2333,83.9833,22.57,95,100,0.11,NP,1721534581
260,ola,59.5833,151.2833,12.88,83,100,1.8,RU,1721534695
261,bezopasnoye,45.6483,41.936,24.87,57,100,2.83,RU,1721534696
262,hajdunanas,47.85,21.4333,23.18,64,100,1.19,HU,1721534697
263,aroma,15.8167,36.1333,26.55,70,90,6.5,SD,1721534698
264,kavieng,-2.5744,150.7967,28.94,76,68,6.48,PG,1721534699
265,berezovo,63.9381,65.0419,12.49,53,56,5.81,RU,1721534701
266,onguday,50.75,86.15,14.83,96,100,1.4,RU,1721534702
267,puerto armuelles,8.2833,-82.8667,27.27,87,100,0.45,PA,1721534703
268,umm ruwaba,12.9061,31.2158,26.39,68,27,5.2,SD,1721534704
269,angra do heroismo,38.65,-27.2167,23.34,95,40,2.87,PT,1721534705
270,prince rupert,54.3161,-130.3201,16.05,84,100,3.6,CA,1721534706
271,suining,30.508,105.5733,29.45,83,100,3.92,CN,1721534708
272,howrah,22.5892,88.3103,32.0,79,75,4.12,IN,1721534709
273,gotsucho,35.0,132.2167,29.65,72,7,7.0,JP,1721534710
274,merta,26.65,74.0333,33.41,58,69,3.44,IN,1721534711
275,yemva,62.59,50.8594,16.22,63,1,2.88,RU,1721534712
276,salina cruz,16.1667,-95.2,25.78,88,100,1.62,MX,1721534713
277,walvis bay,-22.9575,14.5053,10.61,87,16,4.12,NA,1721534715
278,huicheng,23.0385,116.2899,32.28,65,54,4.64,CN,1721534716
279,altay,47.8667,88.1167,24.95,36,96,3.42,CN,1721534717
280,san antonio de pale,-1.4014,5.6325,22.72,70,66,3.24,GQ,1721534718
281,whittlesea,-32.1759,26.8244,1.11,84,36,0.63,ZA,1721534719
282,labrador city,52.9463,-66.9114,9.95,66,40,3.6,CA,1721534720
283,salekhard,66.53,66.6019,12.83,51,1,1.91,RU,1721534721
284,prabumulih,-3.45,104.25,31.3,53,29,2.33,ID,1721534723
285,shakawe,-18.3667,21.85,12.0,24,0,1.61,BW,1721534724
286,sola,-13.8833,167.55,29.37,79,75,2.57,VU,1721534725
287,kwang binh,17.4833,106.6,33.29,58,100,2.65,VN,1721534726
288,porto velho,-8.7619,-63.9039,24.03,73,0,1.03,BR,1721534727
289,loch garman,52.3342,-6.4575,12.16,100,98,3.13,IE,1721534728
290,bani walid,31.7566,13.9942,25.04,51,0,2.36,LY,1721534729
291,bridgewater,44.3835,-64.5155,17.82,72,56,1.03,CA,1721534460
292,mount gambier,-37.8333,140.7667,13.26,93,89,5.76,AU,1721534732
293,bure,10.7,37.0667,14.84,100,100,0.81,ET,1721534733
294,geraldton,-28.7667,114.6,17.23,67,0,6.17,AU,1721534734
295,tofol,5.3248,163.0078,28.88,84,75,2.57,FM,1721534735
296,aktau,43.65,51.2,28.32,50,100,4.02,KZ,1721534736
297,peace river,56.2501,-117.286,27.17,50,0,2.06,CA,1721534738
298,yaren,-0.5472,166.916,28.7,77,19,6.76,NR,1721534739
299,vadso,70.0744,29.7487,14.49,100,100,1.03,NO,1721534740
300,tulun,54.5611,100.5792,23.81,71,100,2.38,RU,1721534741
301,el calafate,-50.3408,-72.2768,0.67,76,96,1.28,AR,1721534743
302,belding,43.0978,-85.2289,19.12,86,93,2.63,US,1721534745
303,puerto baquerizo moreno,-0.9,-89.6,21.26,82,91,6.24,EC,1721534746
304,adam,22.3756,57.5233,32.12,49,100,1.31,OM,1721534747
305,nova vicosa,-17.8919,-39.3719,22.85,78,27,2.6,BR,1721534555
306,cockburn town,21.4612,-71.1419,27.98,89,75,7.72,TC,1721534749
307,antigonish,45.6169,-61.9986,20.1,84,89,2.5,CA,1721534750
308,noyabrsk,63.1994,75.4507,14.47,46,100,8.52,RU,1721534751
309,newman,37.3138,-121.0208,32.99,40,0,5.37,US,1721534578
310,antalaha,-14.9003,50.2788,19.18,75,38,2.56,MG,1721534754
311,remire-montjoly,4.9167,-52.2667,25.02,100,0,0.0,GF,1721534755
312,nikolayevsk-on-amure,53.1406,140.73,21.3,85,100,0.74,RU,1721534756
313,billings,45.7833,-108.5007,26.87,29,75,1.54,US,1721534757
314,palmer,42.1584,-72.3287,21.21,90,0,0.0,US,1721534758
315,la sarre,48.8002,-79.1996,8.41,82,0,2.12,CA,1721534760
316,mercedes,-34.6515,-59.4307,10.91,96,100,2.3,AR,1721534231
317,korocha,50.8107,37.1953,18.4,59,14,2.2,RU,1721534762
318,ketchikan,55.3422,-131.6461,16.3,86,100,1.16,US,1721534763
319,camacupa,-12.0167,17.4833,10.26,26,0,2.35,AO,1721534764
320,pursat,12.3333,103.6667,24.99,84,100,1.22,KH,1721534765
321,maisi,43.0395,41.2621,20.24,65,50,0.12,GE,1721534766
322,utrik,11.2278,169.8474,27.86,82,15,7.69,MH,1721534768
323,tocoa,15.6833,-86.0,24.83,97,99,1.18,HN,1721534769
324,mega,4.05,38.3,14.58,89,100,4.19,ET,1721534770
325,fort stockton,30.894,-102.8793,26.2,55,38,2.68,US,1721534771
326,kadhan,24.481,68.9859,33.68,65,40,4.05,PK,1721534772
327,anadyr,64.75,177.4833,14.28,67,40,3.0,RU,1721534773
328,wanning,18.8003,110.3967,26.48,94,100,5.04,CN,1721534775
329,buarcos,40.166,-8.8768,16.89,91,4,6.81,PT,1721534776
330,al muwayh,22.4333,41.7583,29.74,16,98,0.86,SA,1721534777
331,fasa,28.9383,53.6482,21.58,33,0,2.06,IR,1721534778
332,ciudad lazaro cardenas,17.9583,-102.2,27.18,82,100,1.09,MX,1721534779
333,nouadhibou,20.931,-17.0347,24.99,61,39,8.75,MR,1721534780
334,alameda,37.5999,-121.8844,21.25,74,1,0.89,US,1721534781
335,plastun,44.7561,136.2939,18.26,100,100,1.26,RU,1721534783
336,greymouth,-42.4667,171.2,12.58,70,97,0.7,NZ,1721534784
337,cutral-co,-38.9469,-69.2089,0.51,10,1,0.89,AR,1721534785
338,kapa'a,22.0752,-159.319,27.18,74,75,5.14,US,1721534786
339,tuy hoa,13.0833,109.3,30.56,62,98,9.08,VN,1721534787
340,san luis,-33.295,-66.3356,9.85,66,100,0.54,AR,1721534640
341,zambezi,-13.5432,23.1047,10.04,31,1,1.93,ZM,1721534791
342,daye,30.0833,114.95,35.55,55,5,2.82,CN,1721534792
343,mae ramat,16.984,98.5166,28.18,91,100,1.64,TH,1721534793
344,bel ombre,-4.6167,55.4167,26.91,74,40,5.14,SC,1721534794
345,lamu,-2.2717,40.902,24.58,75,99,5.87,KE,1721534528
346,atafu village,-8.5421,-172.5159,28.47,78,57,9.82,TK,1721534796
347,sterling,39.0062,-77.4286,22.38,85,75,0.0,US,1721534798
348,daru,-9.0763,143.2092,24.66,81,98,6.02,PG,1721534799
349,yengema,8.7167,-11.1667,21.58,100,100,0.09,SL,1721534800
350,alice springs,-23.7,133.8833,16.75,25,0,5.66,AU,1721534801
351,lospalos,-8.5186,127.0025,24.68,61,100,5.52,TL,1721534802
352,el bauga,18.262,33.9081,33.13,38,54,6.63,SD,1721534803
353,waingapu,-9.6567,120.2641,28.46,56,20,7.53,ID,1721534805
354,canutama,-6.5339,-64.3831,22.78,47,1,1.15,BR,1721534518
355,egilsstadir,65.2653,-14.3948,8.78,94,100,1.76,IS,1721534807
356,polyarnyy,69.1989,33.4478,17.19,60,76,3.42,RU,1721534808
357,enewetak,11.3474,162.3373,28.75,78,17,6.87,MH,1721534809
358,igarka,67.4667,86.5833,14.49,41,0,10.49,RU,1721534810
359,pisco,-13.7,-76.2167,14.03,88,3,2.06,PE,1721534642
360,chumphon,10.3333,98.8333,26.16,86,100,1.75,TH,1721534813
361,general conesa,-40.1,-64.4333,3.59,84,0,4.67,AR,1721534814
362,umba,66.6871,34.3429,12.59,61,11,1.28,RU,1721534815
363,puerto aysen,-45.4,-72.7,3.58,99,86,1.85,CL,1721534726
364,tual,-5.6667,132.75,24.86,84,91,11.46,ID,1721534817
365,usogorsk,63.4106,48.6872,14.79,53,4,3.21,RU,1721534818
366,floro,61.5996,5.0328,18.04,82,38,3.6,NO,1721534820
367,kayangel,8.0823,134.7173,26.0,84,100,1.73,PW,1721534821
368,borogontsy,62.6683,131.1683,26.27,50,61,2.58,RU,1721534822
369,machico,32.7,-16.7667,24.28,85,40,4.12,PT,1721534823
370,yuzhno-kurilsk,44.0306,145.8556,20.88,84,100,3.39,RU,1721534824
371,caconda,-13.7333,15.0667,9.92,20,0,1.03,AO,1721534825
372,mariinsk,56.2139,87.7472,21.43,73,99,1.01,RU,1721534826
373,diamantina,-18.2494,-43.6003,10.69,86,0,1.88,BR,1721534828
374,queenstown,-31.8976,26.8753,0.93,76,32,0.38,ZA,1721534829
375,nakhon thai,17.1006,100.8374,24.69,97,100,1.43,TH,1721534830
376,washington,47.5001,-120.5015,28.84,23,0,2.12,US,1721534311
377,saldanha,-33.0117,17.9442,10.68,76,100,3.32,ZA,1721534832
378,saint-francois,46.4154,3.9054,17.69,95,0,2.57,FR,1721534833
379,wulingyuan,29.3494,110.5441,32.16,52,37,3.39,CN,1721534835
380,sao gabriel da cachoeira,-0.1303,-67.0892,22.43,98,99,0.58,BR,1721534836
381,jacmel,18.2342,-72.5347,27.09,80,100,1.0,HT,1721534837
382,st. john's,47.5649,-52.7093,17.38,88,0,2.95,CA,1721534838
383,nema,57.5067,50.5011,17.68,92,100,2.14,RU,1721534839
384,kalabo,-14.97,22.6814,10.83,29,5,2.3,ZM,1721534840
385,pointe-noire,-4.7761,11.8635,21.04,94,40,1.54,CG,1721534841
386,balakhta,55.38,91.6,23.41,63,22,1.91,RU,1721534843
387,mirpur sakro,24.5474,67.6277,33.88,62,14,1.54,PK,1721534844
388,jinka,5.65,36.65,18.44,73,100,1.42,ET,1721534846
389,hennef,50.7756,7.2831,20.99,88,0,1.54,DE,1721534847
390,ciudad de huitzuco,18.3,-99.35,20.11,94,91,0.9,MX,1721534848
391,oulad teima,30.3947,-9.209,19.6,71,0,1.63,MA,1721534850
392,homer,59.6425,-151.5483,18.36,72,75,1.54,US,1721534851
393,san andres,12.5847,-81.7006,29.01,84,20,3.09,CO,1721534642
394,libourne,44.9167,-0.25,19.23,81,69,4.81,FR,1721534853
395,jijel,36.8205,5.7667,31.94,25,44,3.23,DZ,1721534856
396,ambon,-3.6954,128.1814,26.08,95,40,2.57,ID,1721534858
397,grand island,40.925,-98.342,21.16,91,0,0.0,US,1721534560
398,kidal,18.4411,1.4078,30.38,49,75,8.09,ML,1721534860
399,gunjur,13.2019,-16.7339,26.93,82,100,4.93,GM,1721534861
400,kozel'sk,54.0375,35.7716,15.61,83,1,2.4,RU,1721534862
401,myshkin,57.7897,38.4545,16.02,99,100,1.37,RU,1721534863
402,fada,7.25,4.0667,21.76,99,94,1.29,NG,1721534865
403,leava,-14.3,-178.1667,27.82,69,80,7.99,WF,1721534866
404,magadan,59.5667,150.8,13.01,86,100,1.03,RU,1721534867
405,kristiansund,63.1115,7.732,18.36,87,79,1.54,NO,1721534868
406,lockwood,45.8191,-108.4149,26.94,29,75,1.54,US,1721534869
407,nowshahr,36.649,51.496,25.35,88,93,1.89,IR,1721534872
408,carolina beach,34.0352,-77.8936,28.39,90,43,4.68,US,1721534873
409,mont-dore,-22.2833,166.5833,24.44,99,12,4.88,NC,1721534874
410,quzhou,28.9594,118.8686,35.23,57,100,1.98,CN,1721534875
411,novobod,39.0108,70.1508,23.68,39,66,1.09,TJ,1721534876
412,nanao,37.05,136.9667,33.3,52,97,5.15,JP,1721534877
413,touros,-5.1989,-35.4608,21.58,91,46,4.77,BR,1721534728
414,mil'kovo,55.6078,37.7956,18.08,75,10,3.76,RU,1721534880
415,guasdualito,7.2424,-70.7324,26.0,100,80,0.51,VE,1721534881
416,bogo,11.0517,124.0055,30.56,67,90,4.27,PH,1721534790
417,tarauaca,-8.1614,-70.7656,22.77,61,100,1.4,BR,1721534883
418,ivdel',60.6911,60.4206,11.39,68,89,4.0,RU,1721534884
419,qarazhal,48.0078,70.7903,23.59,46,3,3.42,KZ,1721534886
420,kupino,54.3663,77.2981,21.88,66,31,4.77,RU,1721534887
421,ust'-ilimsk,58.0006,102.6619,27.71,50,10,1.55,RU,1721534888
422,ilhabela,-23.7781,-45.3581,16.57,88,7,1.37,BR,1721534653
423,krivosheino,57.3431,83.9261,23.17,67,76,2.58,RU,1721534890
424,nchelenge,-9.3451,28.734,16.34,55,1,2.88,ZM,1721534891
425,mende,44.6667,3.5,14.47,99,100,2.08,FR,1721534893
426,urangan,-25.3,152.9,19.86,39,0,5.92,AU,1721534894
427,oroqen zizhiqi,50.5667,123.7167,23.19,56,79,1.39,CN,1721534895
428,filadelfia,39.9523,-75.1638,24.08,86,100,2.57,US,1721534686
429,alotau,-10.3069,150.4462,23.35,86,100,2.63,PG,1721534897
430,isoka,-10.1606,32.6335,11.91,86,52,0.29,ZM,1721534899
431,holualoa,19.6228,-155.9522,25.91,82,20,4.63,US,1721534901
432,kiunga,-6.1219,141.2906,22.92,84,100,0.76,PG,1721534903
433,halifax,44.6453,-63.5724,18.94,80,81,6.17,CA,1721534705
434,dawei,14.0833,98.2,27.02,86,100,1.83,MM,1721534905
435,marat,25.0701,45.4615,34.63,12,99,2.99,SA,1721534906
436,paraty,-23.2178,-44.7131,14.9,94,0,1.7,BR,1721534688
437,sen monorom,12.45,107.2,21.43,97,100,2.4,KH,1721534909
438,merizo village,13.2658,144.6691,31.31,83,100,5.02,GU,1721534911
439,oasis,33.4659,-116.0989,41.93,28,0,2.06,US,1721534912
440,yuza,39.0,139.9167,28.34,74,100,3.32,JP,1721534888
441,koshki,54.2091,50.4677,20.57,75,30,0.95,RU,1721534915
442,kyshtovka,56.555,76.6271,18.95,88,96,3.19,RU,1721534917
443,wailua homesteads,22.0669,-159.378,26.44,77,75,5.14,US,1721534918
444,san juan de miraflores,-12.1629,-76.9635,15.65,82,16,4.19,PE,1721534919
445,brookings,44.3114,-96.7984,20.62,96,2,2.26,US,1721534910
446,youhao,47.8667,128.8333,26.29,73,65,3.0,CN,1721534922
447,suwalki,54.1118,22.9309,16.23,79,70,1.02,PL,1721534923
448,igunga,-4.2833,33.8833,18.72,63,55,1.03,TZ,1721534924
449,purpe,64.4803,76.6897,14.88,46,57,8.75,RU,1721534925
450,smithers,54.7804,-127.1743,23.8,51,44,1.15,CA,1721534926
451,baharly,38.4362,57.4316,34.18,16,3,2.69,TM,1721534929
452,zabol,32.25,67.25,26.69,32,8,0.27,AF,1721534930
453,dapa,9.7594,126.0531,29.85,68,79,1.56,PH,1721534931
454,kone,-21.0595,164.8658,23.04,54,9,3.89,NC,1721534932
455,labuan bajo,-8.4964,119.8877,28.3,60,44,4.01,ID,1721534933
456,nhamunda,-2.1861,-56.7131,23.05,90,77,1.8,BR,1721534934
457,deridder,30.8463,-93.289,25.21,94,40,3.09,US,1721534936
458,phan rang-thap cham,11.5667,108.9833,35.02,45,99,3.24,VN,1721534937
459,tamanrasset,22.785,5.5228,26.95,36,5,2.06,DZ,1721534938
460,fale old settlement,-9.3852,-171.2468,28.47,75,40,9.67,TK,1721534939
461,linxia chengguanzhen,35.6003,103.2064,25.82,48,46,1.03,CN,1721534940
462,tunceli,39.1083,39.5471,22.49,48,0,2.54,TR,1721534941
463,uturoa,-16.7333,-151.4333,24.47,63,80,11.56,PF,1721534942
464,altentreptow,53.6833,13.25,16.67,75,0,2.7,DE,1721534944
465,sinop,41.7711,34.8709,20.24,67,0,1.34,TR,1721534945
466,axim,4.8699,-2.2405,23.62,90,100,4.4,GH,1721534946
467,darwin,-12.4611,130.8418,29.47,19,0,6.17,AU,1721534947
468,qusmuryn,52.4503,64.6311,22.51,62,67,1.84,KZ,1721534948
469,lashio,22.9333,97.75,22.18,98,100,0.2,MM,1721534949
470,luis correia,-2.8792,-41.6669,23.18,70,13,4.19,BR,1721534952
471,umea,63.8284,20.2597,17.96,82,35,2.57,SE,1721534953
472,dolores,-36.3132,-57.6792,8.58,97,100,3.47,AR,1721534954
473,qamdo,31.1667,97.2333,13.93,71,100,2.35,CN,1721534955
474,dubai,25.2582,55.3047,36.14,71,40,2.06,AE,1721534815
475,troitskoye,52.9821,84.6757,21.56,73,93,3.08,RU,1721534901
476,tazovsky,67.4667,78.7,10.1,51,0,5.85,RU,1721534960
477,trincomalee,8.5711,81.2335,30.21,64,100,7.6,LK,1721534961
478,bairnsdale,-37.8333,147.6167,17.25,54,13,0.89,AU,1721534962
479,bougaa,36.3329,5.0884,27.05,18,38,1.73,DZ,1721534963
480,illizi,26.4833,8.4667,29.38,21,0,4.07,DZ,1721534966
481,gogapur,23.55,75.5167,27.6,80,98,4.48,IN,1721534967
482,manadhoo,5.7667,73.3833,28.47,78,100,5.09,MV,1721534968
483,thunder bay,48.4001,-89.3168,14.99,94,75,2.57,CA,1721534727
484,taoudenni,22.6783,-3.9836,37.65,13,50,6.47,ML,1721534972
485,filey,54.21,-0.2892,16.05,86,83,1.34,GB,1721534973
486,douz,33.4663,9.0203,29.29,23,0,4.17,TN,1721534974
487,kharp,66.8014,65.8081,13.5,52,1,1.36,RU,1721534975
488,portland,45.5234,-122.6762,30.05,46,0,3.13,US,1721534180
489,hassi messaoud,31.6804,6.0729,32.56,19,0,3.54,DZ,1721534978
490,lorengau,-2.0226,147.2712,28.55,82,58,6.38,PG,1721534979
491,lukolela,-1.0605,17.1821,20.52,63,73,1.73,CD,1721534980
492,ascencion de guarayos,-15.8963,-63.1881,18.82,51,0,0.33,BO,1721534981
493,miyoshi,35.0833,137.0667,34.79,42,100,2.94,JP,1721534982
494,ipiales,0.8302,-77.6496,8.98,97,94,2.06,CO,1721534983
495,tannum sands,-23.9504,151.3693,23.75,25,0,2.57,AU,1721534984
496,guerrero negro,27.9769,-114.0611,21.27,83,12,5.15,MX,1721534986
497,vila franca do campo,37.7167,-25.4333,22.23,93,48,2.0,PT,1721534988
498,burutu,5.3509,5.5076,24.05,88,74,3.76,NG,1721534989
499,pingzhuang,42.0372,119.2889,36.01,31,98,1.31,CN,1721534990
500,beira,-19.8436,34.8389,17.75,86,0,2.18,MZ,1721534991
501,tagta,41.6504,59.9164,35.14,18,3,2.57,TM,1721534993
502,mbeni,-11.5014,43.3775,21.33,59,5,3.24,KM,1721534994
503,porangatu,-13.4408,-49.1486,19.98,38,1,1.07,BR,1721534995
504,babat,-7.1128,112.1635,31.34,50,44,2.45,ID,1721534996
505,kampung tanjung karang,3.4242,101.1849,30.66,63,100,4.63,MY,1721534997
506,cabo san lucas,22.8909,-109.9124,29.61,60,20,2.68,MX,1721534998
507,tocopilla,-22.092,-70.1979,14.52,71,34,0.48,CL,1721535000
508,tazacorte,28.629,-17.9293,22.54,88,0,6.17,ES,1721535001
509,kalmunai,7.4167,81.8167,31.17,52,75,3.0,LK,1721535002
510,east end,34.5507,-92.341,23.87,86,71,1.09,US,1721535003
511,hirara,24.8,125.2833,30.39,76,100,5.94,JP,1721535004
512,khandyga,62.6667,135.6,16.54,84,100,1.29,RU,1721535005
513,saudarkrokur,65.7461,-19.6394,5.68,93,100,0.42,IS,1721535007
514,west view,40.5223,-80.0342,20.48,76,22,1.37,US,1721535009
515,dellys,36.9172,3.9131,26.84,53,92,4.63,DZ,1721535010
516,kolwezi,-10.7148,25.4667,14.33,43,4,2.65,CD,1721535011
517,kapuskasing,49.4169,-82.4331,9.64,80,0,1.17,CA,1721535013
518,zliten,32.4674,14.5687,25.97,55,0,2.57,LY,1721535014
519,miches,18.9836,-69.0476,26.93,90,100,2.57,DO,1721535015
520,belmonte,-15.8631,-38.8828,20.34,89,19,1.29,BR,1721535016
521,tauranga,-37.6861,176.1667,16.08,82,100,2.24,NZ,1721535017
522,port augusta,-32.5,137.7667,17.5,34,5,6.44,AU,1721535018
523,vila velha,-20.3297,-40.2925,19.97,88,75,1.54,BR,1721534433
524,selkirk,50.1436,-96.8845,20.62,93,7,1.73,CA,1721535021
525,bubaque,11.2833,-15.8333,27.09,83,100,6.76,GW,1721535022
526,banyuls de la marenda,42.4837,3.129,23.82,57,100,12.84,FR,1721535023
527,dryden,49.7833,-92.7503,15.94,53,8,2.57,CA,1721535024
528,mahdia,35.5047,11.0622,25.97,49,0,2.96,TN,1721535025
529,mariani,26.6667,94.3333,29.58,82,98,1.41,IN,1721535026
530,yanam,16.7333,82.2167,29.6,69,97,4.81,IN,1721535028
531,constantia,44.1833,28.65,24.28,60,0,0.61,RO,1721535029
532,williams lake,52.1415,-122.1445,25.47,34,0,1.65,CA,1721535030
533,iwanai,42.9744,140.5089,25.87,80,100,2.52,JP,1721535031
534,bouarfa,32.53,-1.95,25.64,39,22,2.69,MA,1721535032
535,yambio,4.5721,28.3955,20.1,99,100,1.27,SS,1721535033
536,mostar,43.3433,17.8081,21.9,78,20,2.24,BA,1721535035
537,san julian,21.0167,-102.1667,15.6,93,98,1.7,MX,1721535036
538,fushun,41.8558,123.9233,29.84,50,27,6.65,CN,1721535037
539,gabu,12.2833,-14.2167,23.42,99,95,1.87,GW,1721535038
540,severo-yeniseyskiy,60.3725,93.0408,18.1,95,100,3.72,RU,1721535039
541,nazarovo,56.0064,90.3914,23.62,57,66,2.21,RU,1721535040
542,ichinohe,40.2069,141.3017,32.31,41,99,3.24,JP,1721534857
543,barreirinha,-2.7933,-57.07,25.9,62,64,1.51,BR,1721535043
544,midvagur,62.0511,-7.1939,11.46,100,100,3.6,FO,1721535044
545,ghadamis,30.1337,9.5007,29.62,22,0,2.73,LY,1721535045
546,ixtapa,20.7,-105.2,24.57,94,100,5.14,MX,1721535046
547,el granada,37.5027,-122.4694,19.56,81,0,5.66,US,1721535047
548,dongola,19.1667,30.4833,34.46,24,52,4.42,SD,1721535048
549,antofagasta,-23.65,-70.4,15.6,75,93,1.04,CL,1721534537
550,ulladulla,-35.35,150.4667,16.13,43,0,4.63,AU,1721535051
551,santa ana,33.7456,-117.8678,28.71,62,0,3.6,US,1721535052
552,uvalde,29.3669,-99.767,30.55,51,0,4.63,US,1721535053
553,ankazoabo,-22.2833,44.5167,13.61,56,0,2.78,MG,1721535054
554,petrolia,42.8668,-82.1498,19.91,80,100,2.12,CA,1721535055
555,greenville,35.6127,-77.3663,23.02,98,40,1.54,US,1721535056
556,banda aceh,5.5577,95.3222,31.23,57,91,3.76,ID,1721534517
557,thinadhoo,0.5333,72.9333,28.68,75,41,2.44,MV,1721535059
558,xining,36.6167,101.7667,26.0,50,56,1.77,CN,1721535060
559,iskateley,67.6803,53.1512,11.06,55,47,1.77,RU,1721535061
560,eceabat,40.1842,26.3574,24.98,78,0,3.09,TR,1721535062
561,mildura,-34.2,142.15,16.71,68,15,7.67,AU,1721535063
562,amahai,-3.3333,128.9167,24.84,89,99,6.31,ID,1721535065
563,beidao,34.5686,105.8933,27.64,67,97,0.86,CN,1721535066
564,khark,29.2614,50.3306,34.41,60,5,3.52,IR,1721535067
565,malacca,2.196,102.2405,28.6,79,100,4.61,MY,1721535068
566,al ghayzah,16.2079,52.176,27.14,82,100,2.27,YE,1721535069
567,arkhangel'sk,64.5401,40.5433,15.06,67,0,3.0,RU,1721535070
568,farasan,16.7022,42.1183,30.7,82,99,2.65,SA,1721535071
569,maceio,-9.6658,-35.7353,22.69,88,40,1.54,BR,1721535073
570,titao,13.7667,-2.0667,25.41,76,89,5.8,BF,1721535074
571,happy valley-goose bay,53.3168,-60.3315,11.03,90,85,0.78,CA,1721535075
572,ul'yanovka,59.6394,30.7647,18.88,88,99,0.87,RU,1721535076
573,cafayate,-26.073,-65.9761,11.99,52,7,1.0,AR,1721535077
574,buta,2.7858,24.73,21.34,99,99,0.87,CD,1721535078
575,haimen,23.1935,116.6142,31.24,71,78,4.16,CN,1721535080
576,wewak,-3.5534,143.6268,28.68,73,100,1.22,PG,1721535081
577,bertoua,4.5833,13.6833,18.97,98,98,2.33,CM,1721535082
578,amga,60.8953,131.9608,16.62,90,100,1.15,RU,1721535083
579,nov,40.1522,69.3708,31.35,20,0,3.56,TJ,1721535084
580,aral,40.5156,81.2636,32.84,24,71,0.23,CN,1721535085
581,castillos,-34.1667,-53.8333,12.57,97,100,2.78,UY,1721535086
582,jerez de garcia salinas,22.65,-103.0,20.09,74,82,2.05,MX,1721535088
583,el naranjo,21.4667,-98.6,24.21,90,78,1.76,MX,1721535089
584,fuling,29.7022,107.3919,34.56,56,74,0.31,CN,1721535090
